INSERT INTO concept (concept_id,retired,short_name,description,form_text,datatype_id,class_id,is_set,creator,date_created,version,changed_by,date_changed,retired_by,date_retired,retire_reason,uuid) VALUES (114,false,null,null,null,1,1,false,1,{ts '2013-07-18 12:28:11'},null,1,{ts '2013-07-18 12:44:02'},null,null,null,'d2bd8ed3-380c-42d9-bcbf-cea71d160460');
INSERT INTO concept (concept_id,retired,short_name,description,form_text,datatype_id,class_id,is_set,creator,date_created,version,changed_by,date_changed,retired_by,date_retired,retire_reason,uuid) VALUES (115,false,null,null,null,1,1,false,1,{ts '2013-07-18 12:28:33'},null,1,{ts '2013-07-18 12:28:33'},null,null,null,'efdb5f58-f70b-41f2-8c93-582a5615d9d9');
INSERT INTO concept (concept_id,retired,short_name,description,form_text,datatype_id,class_id,is_set,creator,date_created,version,changed_by,date_changed,retired_by,date_retired,retire_reason,uuid) VALUES (116,false,null,null,null,1,1,false,1,{ts '2013-07-18 12:28:48'},null,1,{ts '2013-07-18 12:28:48'},null,null,null,'de018cda-0072-48e0-8075-a378192bc6bc');
INSERT INTO concept (concept_id,retired,short_name,description,form_text,datatype_id,class_id,is_set,creator,date_created,version,changed_by,date_changed,retired_by,date_retired,retire_reason,uuid) VALUES (117,false,null,null,null,1,1,false,1,{ts '2013-07-18 12:29:00'},null,1,{ts '2013-07-18 12:29:00'},null,null,null,'94faeca5-c618-4593-a0c7-e94e6d4f7571');
INSERT INTO concept (concept_id,retired,short_name,description,form_text,datatype_id,class_id,is_set,creator,date_created,version,changed_by,date_changed,retired_by,date_retired,retire_reason,uuid) VALUES (118,false,null,null,null,1,1,false,1,{ts '2013-07-18 12:29:12'},null,1,{ts '2013-07-18 12:29:12'},null,null,null,'b3c03fd8-4de8-47eb-97bd-1ffa45477588');
INSERT INTO concept (concept_id,retired,short_name,description,form_text,datatype_id,class_id,is_set,creator,date_created,version,changed_by,date_changed,retired_by,date_retired,retire_reason,uuid) VALUES (119,false,null,null,null,1,1,false,1,{ts '2013-07-18 12:29:24'},null,1,{ts '2013-07-18 12:29:24'},null,null,null,'a1a47426-77dd-4adb-9cdf-9892cb1b2d85');
INSERT INTO concept (concept_id,retired,short_name,description,form_text,datatype_id,class_id,is_set,creator,date_created,version,changed_by,date_changed,retired_by,date_retired,retire_reason,uuid) VALUES (120,false,null,null,null,1,1,false,1,{ts '2013-07-18 12:29:44'},null,1,{ts '2013-07-18 12:29:44'},null,null,null,'b74f996e-2114-403d-906d-adb14e39a874');
INSERT INTO concept (concept_id,retired,short_name,description,form_text,datatype_id,class_id,is_set,creator,date_created,version,changed_by,date_changed,retired_by,date_retired,retire_reason,uuid) VALUES (121,false,null,null,null,1,1,false,1,{ts '2013-07-18 12:30:02'},null,1,{ts '2013-07-18 12:30:02'},null,null,null,'2bbc9b43-90ac-4e00-ae03-bb409f46bfbd');
INSERT INTO concept (concept_id,retired,short_name,description,form_text,datatype_id,class_id,is_set,creator,date_created,version,changed_by,date_changed,retired_by,date_retired,retire_reason,uuid) VALUES (122,false,null,null,null,1,1,false,1,{ts '2013-07-18 12:30:17'},null,1,{ts '2013-07-18 12:30:17'},null,null,null,'3ae3fd34-7d09-46bd-9e8a-df070b303640');
INSERT INTO concept (concept_id,retired,short_name,description,form_text,datatype_id,class_id,is_set,creator,date_created,version,changed_by,date_changed,retired_by,date_retired,retire_reason,uuid) VALUES (123,false,null,null,null,1,1,false,1,{ts '2013-07-18 12:30:33'},null,1,{ts '2013-07-18 12:30:33'},null,null,null,'9986c40b-b755-4584-a68b-b7fcfbcdf69d');
INSERT INTO concept (concept_id,retired,short_name,description,form_text,datatype_id,class_id,is_set,creator,date_created,version,changed_by,date_changed,retired_by,date_retired,retire_reason,uuid) VALUES (124,false,null,null,null,1,1,false,1,{ts '2013-07-18 12:30:44'},null,1,{ts '2013-07-18 12:30:44'},null,null,null,'a493084a-40bf-4b82-9992-59a6dc6c6dfe');
INSERT INTO concept (concept_id,retired,short_name,description,form_text,datatype_id,class_id,is_set,creator,date_created,version,changed_by,date_changed,retired_by,date_retired,retire_reason,uuid) VALUES (125,false,null,null,null,1,1,false,1,{ts '2013-07-18 12:30:56'},null,1,{ts '2013-07-18 12:30:56'},null,null,null,'298f77ce-f8fc-46d3-ac6e-d7eebc407ba2');
INSERT INTO concept (concept_id,retired,short_name,description,form_text,datatype_id,class_id,is_set,creator,date_created,version,changed_by,date_changed,retired_by,date_retired,retire_reason,uuid) VALUES (126,false,null,null,null,1,1,false,1,{ts '2013-07-18 12:32:30'},null,1,{ts '2013-07-18 12:32:30'},null,null,null,'6800c44a-2899-48c8-949f-bd2d3f025e57');
INSERT INTO concept (concept_id,retired,short_name,description,form_text,datatype_id,class_id,is_set,creator,date_created,version,changed_by,date_changed,retired_by,date_retired,retire_reason,uuid) VALUES (127,false,null,null,null,1,1,false,1,{ts '2013-07-18 12:32:57'},null,1,{ts '2013-07-18 12:32:57'},null,null,null,'009a1bde-0503-45c3-af37-b3881e82fa93');
INSERT INTO concept (concept_id,retired,short_name,description,form_text,datatype_id,class_id,is_set,creator,date_created,version,changed_by,date_changed,retired_by,date_retired,retire_reason,uuid) VALUES (128,false,null,null,null,1,1,false,1,{ts '2013-07-18 12:33:08'},null,1,{ts '2013-07-18 12:33:08'},null,null,null,'6e0cf697-b43a-40fa-a9ec-f857930eaf6c');
INSERT INTO concept (concept_id,retired,short_name,description,form_text,datatype_id,class_id,is_set,creator,date_created,version,changed_by,date_changed,retired_by,date_retired,retire_reason,uuid) VALUES (129,false,null,null,null,1,1,false,1,{ts '2013-07-18 12:33:24'},null,1,{ts '2013-07-23 10:49:38'},null,null,null,'5c6a0bac-144d-4ac8-97de-02580a14c772');
INSERT INTO concept (concept_id,retired,short_name,description,form_text,datatype_id,class_id,is_set,creator,date_created,version,changed_by,date_changed,retired_by,date_retired,retire_reason,uuid) VALUES (130,false,null,null,null,1,1,false,1,{ts '2013-07-18 12:33:34'},null,1,{ts '2013-07-18 12:33:34'},null,null,null,'0bcd08cc-50da-49fe-8edf-e345ac5ac44c');
INSERT INTO concept (concept_id,retired,short_name,description,form_text,datatype_id,class_id,is_set,creator,date_created,version,changed_by,date_changed,retired_by,date_retired,retire_reason,uuid) VALUES (131,false,null,null,null,1,1,false,1,{ts '2013-07-18 12:33:48'},null,1,{ts '2013-07-23 10:50:40'},null,null,null,'1542cc11-90b9-40f5-9ba5-fedc7421a83e');
INSERT INTO concept (concept_id,retired,short_name,description,form_text,datatype_id,class_id,is_set,creator,date_created,version,changed_by,date_changed,retired_by,date_retired,retire_reason,uuid) VALUES (132,false,null,null,null,1,1,false,1,{ts '2013-07-18 12:33:57'},null,1,{ts '2013-07-18 12:33:57'},null,null,null,'57f14b19-cf43-421f-81e5-980290d0de04');
INSERT INTO concept (concept_id,retired,short_name,description,form_text,datatype_id,class_id,is_set,creator,date_created,version,changed_by,date_changed,retired_by,date_retired,retire_reason,uuid) VALUES (133,false,null,null,null,1,1,false,1,{ts '2013-07-18 12:34:06'},null,1,{ts '2013-07-18 12:34:06'},null,null,null,'ef2f3e22-acd3-4249-ae07-12b57234d922');
INSERT INTO concept (concept_id,retired,short_name,description,form_text,datatype_id,class_id,is_set,creator,date_created,version,changed_by,date_changed,retired_by,date_retired,retire_reason,uuid) VALUES (134,false,null,null,null,1,1,false,1,{ts '2013-07-18 12:34:17'},null,1,{ts '2013-07-18 12:34:17'},null,null,null,'ddce6af1-0446-4f80-85d5-1ea70fc8b10a');
INSERT INTO concept (concept_id,retired,short_name,description,form_text,datatype_id,class_id,is_set,creator,date_created,version,changed_by,date_changed,retired_by,date_retired,retire_reason,uuid) VALUES (135,false,null,null,null,1,1,false,1,{ts '2013-07-18 12:34:31'},null,1,{ts '2013-07-18 12:34:31'},null,null,null,'19e8797b-0703-41d7-940b-61d6003d696e');
INSERT INTO concept (concept_id,retired,short_name,description,form_text,datatype_id,class_id,is_set,creator,date_created,version,changed_by,date_changed,retired_by,date_retired,retire_reason,uuid) VALUES (136,false,null,null,null,1,1,false,1,{ts '2013-07-18 12:34:42'},null,1,{ts '2013-07-18 12:34:42'},null,null,null,'631747f8-0b71-439e-9eb2-978dfab0ab6a');
INSERT INTO concept (concept_id,retired,short_name,description,form_text,datatype_id,class_id,is_set,creator,date_created,version,changed_by,date_changed,retired_by,date_retired,retire_reason,uuid) VALUES (137,false,null,null,null,1,1,false,1,{ts '2013-07-18 12:34:52'},null,1,{ts '2013-07-18 12:34:52'},null,null,null,'c3c58824-c709-4314-a65e-76186e1c4f7f');
INSERT INTO concept (concept_id,retired,short_name,description,form_text,datatype_id,class_id,is_set,creator,date_created,version,changed_by,date_changed,retired_by,date_retired,retire_reason,uuid) VALUES (138,false,null,null,null,4,8,true,1,{ts '2013-07-18 12:45:00'},null,1,{ts '2013-07-18 12:45:00'},null,null,null,'1d1c42cf-523d-49b2-a518-346e95e0df3f');
INSERT INTO concept (concept_id,retired,short_name,description,form_text,datatype_id,class_id,is_set,creator,date_created,version,changed_by,date_changed,retired_by,date_retired,retire_reason,uuid) VALUES (139,false,null,null,null,4,8,true,1,{ts '2013-07-18 12:46:02'},null,1,{ts '2013-07-18 12:46:02'},null,null,null,'a9b1a24f-56de-41b2-8620-229407f43a50');
INSERT INTO concept (concept_id,retired,short_name,description,form_text,datatype_id,class_id,is_set,creator,date_created,version,changed_by,date_changed,retired_by,date_retired,retire_reason,uuid) VALUES (140,false,null,null,null,4,8,true,1,{ts '2013-07-18 12:46:43'},null,1,{ts '2013-07-18 12:46:43'},null,null,null,'402f1a12-8830-4af6-acb0-c6887e954894');
INSERT INTO concept (concept_id,retired,short_name,description,form_text,datatype_id,class_id,is_set,creator,date_created,version,changed_by,date_changed,retired_by,date_retired,retire_reason,uuid) VALUES (141,false,null,null,null,4,8,true,1,{ts '2013-07-18 12:47:09'},null,1,{ts '2013-07-18 12:47:09'},null,null,null,'6632f4b0-2dc7-4477-94d1-87a0856edba6');
INSERT INTO concept (concept_id,retired,short_name,description,form_text,datatype_id,class_id,is_set,creator,date_created,version,changed_by,date_changed,retired_by,date_retired,retire_reason,uuid) VALUES (142,false,null,null,null,4,8,true,1,{ts '2013-07-18 12:47:36'},null,1,{ts '2013-07-18 12:47:36'},null,null,null,'b448a083-5f96-4424-a20d-1ce3530e02e1');
INSERT INTO concept (concept_id,retired,short_name,description,form_text,datatype_id,class_id,is_set,creator,date_created,version,changed_by,date_changed,retired_by,date_retired,retire_reason,uuid) VALUES (143,false,null,null,null,4,8,true,1,{ts '2013-07-18 12:47:58'},null,1,{ts '2013-07-18 12:47:58'},null,null,null,'e5016adf-922d-436c-87df-d5b90b8a1c18');
INSERT INTO concept (concept_id,retired,short_name,description,form_text,datatype_id,class_id,is_set,creator,date_created,version,changed_by,date_changed,retired_by,date_retired,retire_reason,uuid) VALUES (144,false,null,null,null,4,8,true,1,{ts '2013-07-18 12:48:22'},null,1,{ts '2013-07-18 12:48:22'},null,null,null,'3e9f534d-4b6a-4e0e-89f1-141e3bb9f555');
INSERT INTO concept (concept_id,retired,short_name,description,form_text,datatype_id,class_id,is_set,creator,date_created,version,changed_by,date_changed,retired_by,date_retired,retire_reason,uuid) VALUES (145,false,null,null,null,4,8,true,1,{ts '2013-07-18 12:48:45'},null,1,{ts '2013-07-18 12:48:45'},null,null,null,'0435c53b-35ed-4baf-80a9-764d00d29e56');
INSERT INTO concept (concept_id,retired,short_name,description,form_text,datatype_id,class_id,is_set,creator,date_created,version,changed_by,date_changed,retired_by,date_retired,retire_reason,uuid) VALUES (146,false,null,null,null,1,8,true,1,{ts '2013-07-18 12:50:02'},null,1,{ts '2013-07-18 12:50:02'},null,null,null,'b825211f-0dac-4c58-b249-a3a72d6a0da9');
INSERT INTO concept (concept_id,retired,short_name,description,form_text,datatype_id,class_id,is_set,creator,date_created,version,changed_by,date_changed,retired_by,date_retired,retire_reason,uuid) VALUES (147,false,null,null,null,4,8,true,1,{ts '2013-07-23 10:52:04'},null,1,{ts '2013-07-23 10:52:04'},null,null,null,'0f609895-7d45-4b22-a91b-755d75e470ec');
INSERT INTO concept (concept_id,retired,short_name,description,form_text,datatype_id,class_id,is_set,creator,date_created,version,changed_by,date_changed,retired_by,date_retired,retire_reason,uuid) VALUES (148,false,null,null,null,1,8,true,1,{ts '2013-07-23 10:52:56'},null,1,{ts '2013-07-23 10:52:56'},null,null,null,'192a9363-aa41-46bd-a9f9-8e708ff109bf');
INSERT INTO concept (concept_id,retired,short_name,description,form_text,datatype_id,class_id,is_set,creator,date_created,version,changed_by,date_changed,retired_by,date_retired,retire_reason,uuid) VALUES (149,false,null,null,null,4,8,true,1,{ts '2013-07-23 10:53:37'},null,1,{ts '2013-07-23 10:53:37'},null,null,null,'09a7eadc-10fe-4a22-9639-8b77ba9a8527');
INSERT INTO concept (concept_id,retired,short_name,description,form_text,datatype_id,class_id,is_set,creator,date_created,version,changed_by,date_changed,retired_by,date_retired,retire_reason,uuid) VALUES (150,false,null,null,null,4,8,true,1,{ts '2013-07-23 10:54:08'},null,1,{ts '2013-07-23 10:54:08'},null,null,null,'44b3f485-c004-47b4-9b38-030f5c24d806');
INSERT INTO concept (concept_id,retired,short_name,description,form_text,datatype_id,class_id,is_set,creator,date_created,version,changed_by,date_changed,retired_by,date_retired,retire_reason,uuid) VALUES (151,false,null,null,null,4,8,true,1,{ts '2013-07-23 10:54:44'},null,1,{ts '2013-07-23 10:54:44'},null,null,null,'50b4e401-a9fa-44c5-bde6-42954ace4c45');
INSERT INTO concept (concept_id,retired,short_name,description,form_text,datatype_id,class_id,is_set,creator,date_created,version,changed_by,date_changed,retired_by,date_retired,retire_reason,uuid) VALUES (152,false,null,null,null,1,10,true,1,{ts '2013-07-23 14:44:20'},null,1,{ts '2013-07-23 14:44:20'},null,null,null,'4edb7853-7a6d-4ed5-8dde-0ee76f6020e0');
INSERT INTO concept (concept_id,retired,short_name,description,form_text,datatype_id,class_id,is_set,creator,date_created,version,changed_by,date_changed,retired_by,date_retired,retire_reason,uuid) VALUES (153,false,null,null,null,4,10,true,1,{ts '2013-07-23 14:45:49'},null,1,{ts '2013-07-23 14:45:49'},null,null,null,'df03e999-29f3-4d76-8b30-226cd14483eb');


INSERT INTO concept_set (concept_set_id,concept_id,concept_set,sort_weight,creator,date_created,uuid) VALUES (113,115,139,0.0,1,{ts '2013-07-18 12:46:02'},'e604c1a1-bef1-410f-8f95-0e9a6497ab2e');
INSERT INTO concept_set (concept_set_id,concept_id,concept_set,sort_weight,creator,date_created,uuid) VALUES (114,116,139,1.0,1,{ts '2013-07-18 12:46:02'},'e861c371-96eb-4973-864a-bcd6e64139e9');
INSERT INTO concept_set (concept_set_id,concept_id,concept_set,sort_weight,creator,date_created,uuid) VALUES (115,117,139,2.0,1,{ts '2013-07-18 12:46:02'},'97a0709f-1e62-494f-ab87-fcd8a177513c');
INSERT INTO concept_set (concept_set_id,concept_id,concept_set,sort_weight,creator,date_created,uuid) VALUES (116,118,139,3.0,1,{ts '2013-07-18 12:46:02'},'5797dc44-77eb-4c76-a543-c25ad6595ef1');
INSERT INTO concept_set (concept_set_id,concept_id,concept_set,sort_weight,creator,date_created,uuid) VALUES (117,119,139,4.0,1,{ts '2013-07-18 12:46:02'},'d34509d5-0e82-4b3d-971e-4000789612cf');
INSERT INTO concept_set (concept_set_id,concept_id,concept_set,sort_weight,creator,date_created,uuid) VALUES (118,120,140,0.0,1,{ts '2013-07-18 12:46:43'},'9e635098-812f-4674-bb44-2be78f2eef92');
INSERT INTO concept_set (concept_set_id,concept_id,concept_set,sort_weight,creator,date_created,uuid) VALUES (120,121,141,1.0,1,{ts '2013-07-18 12:47:09'},'2c85c4d7-2c6b-42e2-b1c2-3f28855b3de5');
INSERT INTO concept_set (concept_set_id,concept_id,concept_set,sort_weight,creator,date_created,uuid) VALUES (121,122,142,0.0,1,{ts '2013-07-18 12:47:36'},'f16c465b-9b7e-4882-b3a2-e5c24615cf60');
INSERT INTO concept_set (concept_set_id,concept_id,concept_set,sort_weight,creator,date_created,uuid) VALUES (122,123,143,0.0,1,{ts '2013-07-18 12:47:58'},'cccc8fc2-a051-4a6f-8204-fedfb4dbd08e');
INSERT INTO concept_set (concept_set_id,concept_id,concept_set,sort_weight,creator,date_created,uuid) VALUES (123,124,144,0.0,1,{ts '2013-07-18 12:48:22'},'f175f9b2-bd3a-4872-84d0-9558d9d0c058');
INSERT INTO concept_set (concept_set_id,concept_id,concept_set,sort_weight,creator,date_created,uuid) VALUES (124,125,145,0.0,1,{ts '2013-07-18 12:48:45'},'db81a901-7cd5-490a-bbf7-130ec8e3d808');
INSERT INTO concept_set (concept_set_id,concept_id,concept_set,sort_weight,creator,date_created,uuid) VALUES (126,115,146,1.0,1,{ts '2013-07-18 12:50:02'},'518196d7-7bdc-40f8-97c3-827dbb74a170');
INSERT INTO concept_set (concept_set_id,concept_id,concept_set,sort_weight,creator,date_created,uuid) VALUES (127,123,146,2.0,1,{ts '2013-07-18 12:50:02'},'02685b6e-f9d5-4911-b8be-57095b83fd85');
INSERT INTO concept_set (concept_set_id,concept_id,concept_set,sort_weight,creator,date_created,uuid) VALUES (128,120,146,3.0,1,{ts '2013-07-18 12:50:02'},'2f69945d-c5bd-45f8-a2ce-f28a75f7923a');
INSERT INTO concept_set (concept_set_id,concept_id,concept_set,sort_weight,creator,date_created,uuid) VALUES (129,119,146,4.0,1,{ts '2013-07-18 12:50:02'},'d41ea1b0-ff3a-460e-a428-c33bc630777f');
INSERT INTO concept_set (concept_set_id,concept_id,concept_set,sort_weight,creator,date_created,uuid) VALUES (130,121,146,5.0,1,{ts '2013-07-18 12:50:02'},'b52b2352-9a45-4bc4-918b-9dbd8e0e65ce');
INSERT INTO concept_set (concept_set_id,concept_id,concept_set,sort_weight,creator,date_created,uuid) VALUES (131,126,146,6.0,1,{ts '2013-07-18 12:50:02'},'05f847e7-36a5-4119-8207-71788f36b2cd');
INSERT INTO concept_set (concept_set_id,concept_id,concept_set,sort_weight,creator,date_created,uuid) VALUES (132,127,147,0.0,1,{ts '2013-07-23 10:52:04'},'43358efa-de17-4261-bc79-e45b24d57804');
INSERT INTO concept_set (concept_set_id,concept_id,concept_set,sort_weight,creator,date_created,uuid) VALUES (133,128,147,1.0,1,{ts '2013-07-23 10:52:04'},'c9fb1fc4-ca5d-4dd3-aa01-f31e2094ca50');
INSERT INTO concept_set (concept_set_id,concept_id,concept_set,sort_weight,creator,date_created,uuid) VALUES (134,129,147,2.0,1,{ts '2013-07-23 10:52:04'},'88970d36-031d-49de-a93b-345844398fde');
INSERT INTO concept_set (concept_set_id,concept_id,concept_set,sort_weight,creator,date_created,uuid) VALUES (135,130,147,3.0,1,{ts '2013-07-23 10:52:04'},'2fbd04dc-31be-4aa4-ba7b-f67195ccd9a1');
INSERT INTO concept_set (concept_set_id,concept_id,concept_set,sort_weight,creator,date_created,uuid) VALUES (136,131,148,0.0,1,{ts '2013-07-23 10:52:56'},'e7e1d6e2-d34c-4af3-ae88-8a144f0a849d');
INSERT INTO concept_set (concept_set_id,concept_id,concept_set,sort_weight,creator,date_created,uuid) VALUES (137,132,148,1.0,1,{ts '2013-07-23 10:52:56'},'9584856c-b34e-40e1-9808-fae096e80896');
INSERT INTO concept_set (concept_set_id,concept_id,concept_set,sort_weight,creator,date_created,uuid) VALUES (138,133,149,0.0,1,{ts '2013-07-23 10:53:37'},'15987f5e-d42a-4181-bc3c-b891b61469fc');
INSERT INTO concept_set (concept_set_id,concept_id,concept_set,sort_weight,creator,date_created,uuid) VALUES (139,134,150,0.0,1,{ts '2013-07-23 10:54:08'},'ee2b7d95-9b43-4417-90e7-3659461069f7');
INSERT INTO concept_set (concept_set_id,concept_id,concept_set,sort_weight,creator,date_created,uuid) VALUES (140,135,151,0.0,1,{ts '2013-07-23 10:54:44'},'ea7685c2-257c-4587-973f-9b5396b07577');
INSERT INTO concept_set (concept_set_id,concept_id,concept_set,sort_weight,creator,date_created,uuid) VALUES (158,138,152,0.0,1,{ts '2013-07-23 14:44:20'},'63876386-3555-48a2-aa2c-bdbdd8920822');
INSERT INTO concept_set (concept_set_id,concept_id,concept_set,sort_weight,creator,date_created,uuid) VALUES (159,139,152,1.0,1,{ts '2013-07-23 14:44:20'},'fb768170-0cd7-4d87-a57c-fd885479c147');
INSERT INTO concept_set (concept_set_id,concept_id,concept_set,sort_weight,creator,date_created,uuid) VALUES (160,140,152,2.0,1,{ts '2013-07-23 14:44:20'},'f4c03e1d-0f61-4055-8237-0c4aa324ee45');
INSERT INTO concept_set (concept_set_id,concept_id,concept_set,sort_weight,creator,date_created,uuid) VALUES (161,141,152,3.0,1,{ts '2013-07-23 14:44:20'},'d7bf7aad-e62f-4004-9a6e-c7adeeb816eb');
INSERT INTO concept_set (concept_set_id,concept_id,concept_set,sort_weight,creator,date_created,uuid) VALUES (162,142,152,4.0,1,{ts '2013-07-23 14:44:20'},'8d6178dd-c549-484f-aefe-4b9f62be1fc6');
INSERT INTO concept_set (concept_set_id,concept_id,concept_set,sort_weight,creator,date_created,uuid) VALUES (163,143,152,5.0,1,{ts '2013-07-23 14:44:20'},'85dfa0fa-25c3-4cb5-9595-638f6827fba0');
INSERT INTO concept_set (concept_set_id,concept_id,concept_set,sort_weight,creator,date_created,uuid) VALUES (164,144,152,6.0,1,{ts '2013-07-23 14:44:20'},'8d840daf-41cd-4cb1-a85e-ffbe559f1f54');
INSERT INTO concept_set (concept_set_id,concept_id,concept_set,sort_weight,creator,date_created,uuid) VALUES (165,145,152,7.0,1,{ts '2013-07-23 14:44:20'},'ca81f247-5717-4dfa-a9a7-66164cabe820');
INSERT INTO concept_set (concept_set_id,concept_id,concept_set,sort_weight,creator,date_created,uuid) VALUES (166,146,152,8.0,1,{ts '2013-07-23 14:44:20'},'16177766-f6c1-470d-b795-f8600b7cec47');
INSERT INTO concept_set (concept_set_id,concept_id,concept_set,sort_weight,creator,date_created,uuid) VALUES (167,147,153,0.0,1,{ts '2013-07-23 14:45:49'},'405ae89b-e4f1-4d54-90b9-cbf9a96729c9');
INSERT INTO concept_set (concept_set_id,concept_id,concept_set,sort_weight,creator,date_created,uuid) VALUES (168,148,153,1.0,1,{ts '2013-07-23 14:45:49'},'8ecb20f1-26dd-4b2d-a7ff-67eadcde3ad7');
INSERT INTO concept_set (concept_set_id,concept_id,concept_set,sort_weight,creator,date_created,uuid) VALUES (169,149,153,2.0,1,{ts '2013-07-23 14:45:49'},'cd15acef-1228-441b-a360-e36980df1680');
INSERT INTO concept_set (concept_set_id,concept_id,concept_set,sort_weight,creator,date_created,uuid) VALUES (170,150,153,3.0,1,{ts '2013-07-23 14:45:49'},'cf2e9467-2585-43e7-ad3d-7bb6a2b88d40');
INSERT INTO concept_set (concept_set_id,concept_id,concept_set,sort_weight,creator,date_created,uuid) VALUES (171,151,153,4.0,1,{ts '2013-07-23 14:45:49'},'14ff37f0-d866-4203-8621-a7278733869a');

INSERT INTO concept_name (concept_name_id,concept_id,name,locale,locale_preferred,creator,date_created,concept_name_type,voided,voided_by,date_voided,void_reason,uuid) VALUES (144,114,'Hb','en',false,1,{ts '2013-07-18 12:28:11'},null,true,1,{ts '2013-07-18 12:44:02'},'Voided due to change of name','c8e76d73-c9e9-48f8-8e67-be1ef80dd0de');
INSERT INTO concept_name (concept_name_id,concept_id,name,locale,locale_preferred,creator,date_created,concept_name_type,voided,voided_by,date_voided,void_reason,uuid) VALUES (145,114,'Hb','en',false,1,{ts '2013-07-18 12:28:11'},'SHORT',false,null,null,null,'a9edcddc-212a-419b-9496-9916baac9174');
INSERT INTO concept_name (concept_name_id,concept_id,name,locale,locale_preferred,creator,date_created,concept_name_type,voided,voided_by,date_voided,void_reason,uuid) VALUES (170,114,'Hb aaa','en',false,1,{ts '2013-07-18 12:44:02'},null,true,1,{ts '2013-07-23 11:16:32'},'Voided due to change of name','6b1f253b-03ec-4276-8082-f40d9ca9a4b9');
INSERT INTO concept_name (concept_name_id,concept_id,name,locale,locale_preferred,creator,date_created,concept_name_type,voided,voided_by,date_voided,void_reason,uuid) VALUES (189,114,'Hb','en',true,1,{ts '2013-07-23 11:16:32'},'FULLY_SPECIFIED',false,null,null,null,'ca7da79d-b360-46bb-a0a7-35c0b4e5ef0b');
INSERT INTO concept_name (concept_name_id,concept_id,name,locale,locale_preferred,creator,date_created,concept_name_type,voided,voided_by,date_voided,void_reason,uuid) VALUES (146,115,'Packed Cell Volume (PCV)','en',true,1,{ts '2013-07-18 12:28:33'},'FULLY_SPECIFIED',false,null,null,null,'a47f0c83-fe4c-49fc-8011-403f2d3af299');
INSERT INTO concept_name (concept_name_id,concept_id,name,locale,locale_preferred,creator,date_created,concept_name_type,voided,voided_by,date_voided,void_reason,uuid) VALUES (147,115,'PCV','en',false,1,{ts '2013-07-18 12:28:33'},'SHORT',false,null,null,null,'4842fe91-3ea2-47cb-a1f5-948455f406a5');
INSERT INTO concept_name (concept_name_id,concept_id,name,locale,locale_preferred,creator,date_created,concept_name_type,voided,voided_by,date_voided,void_reason,uuid) VALUES (148,116,'Total Leukocyte Count','en',true,1,{ts '2013-07-18 12:28:48'},'FULLY_SPECIFIED',false,null,null,null,'fbcf3e96-6dbc-498a-a5cc-a0ecf5674169');
INSERT INTO concept_name (concept_name_id,concept_id,name,locale,locale_preferred,creator,date_created,concept_name_type,voided,voided_by,date_voided,void_reason,uuid) VALUES (149,117,'Differential Count','en',true,1,{ts '2013-07-18 12:29:00'},'FULLY_SPECIFIED',false,null,null,null,'c47a88c0-46f2-451d-a4b8-3bc4714356de');
INSERT INTO concept_name (concept_name_id,concept_id,name,locale,locale_preferred,creator,date_created,concept_name_type,voided,voided_by,date_voided,void_reason,uuid) VALUES (150,118,'Absolute Eosinphil Count','en',true,1,{ts '2013-07-18 12:29:12'},'FULLY_SPECIFIED',false,null,null,null,'3050440f-3207-43f5-bbaa-70f5d5430002');
INSERT INTO concept_name (concept_name_id,concept_id,name,locale,locale_preferred,creator,date_created,concept_name_type,voided,voided_by,date_voided,void_reason,uuid) VALUES (151,119,'Reticulocyte Count','en',true,1,{ts '2013-07-18 12:29:24'},'FULLY_SPECIFIED',false,null,null,null,'89771e2b-854a-456a-8137-59d00eabdf12');
INSERT INTO concept_name (concept_name_id,concept_id,name,locale,locale_preferred,creator,date_created,concept_name_type,voided,voided_by,date_voided,void_reason,uuid) VALUES (152,120,'Sickling Test','en',true,1,{ts '2013-07-18 12:29:44'},'FULLY_SPECIFIED',false,null,null,null,'2d0768ee-bc39-4961-91c4-236781f20aa0');
INSERT INTO concept_name (concept_name_id,concept_id,name,locale,locale_preferred,creator,date_created,concept_name_type,voided,voided_by,date_voided,void_reason,uuid) VALUES (153,121,'Hb Electrophoresis','en',true,1,{ts '2013-07-18 12:30:02'},'FULLY_SPECIFIED',false,null,null,null,'a44d473c-c413-4c59-9063-10971e6132db');
INSERT INTO concept_name (concept_name_id,concept_id,name,locale,locale_preferred,creator,date_created,concept_name_type,voided,voided_by,date_voided,void_reason,uuid) VALUES (154,122,'ESR','en',true,1,{ts '2013-07-18 12:30:17'},'FULLY_SPECIFIED',false,null,null,null,'f4b46bee-f492-4192-a59e-c264644f72cb');
INSERT INTO concept_name (concept_name_id,concept_id,name,locale,locale_preferred,creator,date_created,concept_name_type,voided,voided_by,date_voided,void_reason,uuid) VALUES (155,123,'PS for RBC Morphology','en',true,1,{ts '2013-07-18 12:30:33'},'FULLY_SPECIFIED',false,null,null,null,'370d7632-42e9-4908-a485-2c854bf8286e');
INSERT INTO concept_name (concept_name_id,concept_id,name,locale,locale_preferred,creator,date_created,concept_name_type,voided,voided_by,date_voided,void_reason,uuid) VALUES (156,124,'PS for Malaria Parasites','en',true,1,{ts '2013-07-18 12:30:44'},'FULLY_SPECIFIED',false,null,null,null,'70e1319b-6a8b-4c25-a4c5-c78268b4a361');
INSERT INTO concept_name (concept_name_id,concept_id,name,locale,locale_preferred,creator,date_created,concept_name_type,voided,voided_by,date_voided,void_reason,uuid) VALUES (157,125,'PS for mf by concentration','en',true,1,{ts '2013-07-18 12:30:56'},'FULLY_SPECIFIED',false,null,null,null,'d622e02f-9303-4dc8-86e5-a907e7b9b996');
INSERT INTO concept_name (concept_name_id,concept_id,name,locale,locale_preferred,creator,date_created,concept_name_type,voided,voided_by,date_voided,void_reason,uuid) VALUES (158,126,'Platelet Count','en',true,1,{ts '2013-07-18 12:32:30'},'FULLY_SPECIFIED',false,null,null,null,'d8963b6e-3ca6-426e-b547-318b6e443386');
INSERT INTO concept_name (concept_name_id,concept_id,name,locale,locale_preferred,creator,date_created,concept_name_type,voided,voided_by,date_voided,void_reason,uuid) VALUES (159,127,'Albumin','en',true,1,{ts '2013-07-18 12:32:57'},'FULLY_SPECIFIED',false,null,null,null,'840f58f1-dc8f-472a-bb02-edca1619ddcf');
INSERT INTO concept_name (concept_name_id,concept_id,name,locale,locale_preferred,creator,date_created,concept_name_type,voided,voided_by,date_voided,void_reason,uuid) VALUES (160,128,'Sugar','en',true,1,{ts '2013-07-18 12:33:08'},'FULLY_SPECIFIED',false,null,null,null,'a9d4556a-6fd1-48d2-8ba6-e5d26cd0a4e2');
INSERT INTO concept_name (concept_name_id,concept_id,name,locale,locale_preferred,creator,date_created,concept_name_type,voided,voided_by,date_voided,void_reason,uuid) VALUES (180,129,'pH bbb','en',false,1,{ts '2013-07-23 10:49:38'},null,true,1,{ts '2013-07-23 11:16:43'},'Voided due to change of name','be659b97-14c6-4d9a-8a34-e9dde149d761');
INSERT INTO concept_name (concept_name_id,concept_id,name,locale,locale_preferred,creator,date_created,concept_name_type,voided,voided_by,date_voided,void_reason,uuid) VALUES (161,129,'pH','en',false,1,{ts '2013-07-18 12:33:24'},null,true,1,{ts '2013-07-23 10:49:38'},'Voided due to change of name','ba90c04e-91f3-4d85-866c-0e5c90bb22e1');
INSERT INTO concept_name (concept_name_id,concept_id,name,locale,locale_preferred,creator,date_created,concept_name_type,voided,voided_by,date_voided,void_reason,uuid) VALUES (190,129,'pH','en',true,1,{ts '2013-07-23 11:16:43'},'FULLY_SPECIFIED',false,null,null,null,'e9261aa9-7cb7-48b9-85ad-c4416bf513bd');
INSERT INTO concept_name (concept_name_id,concept_id,name,locale,locale_preferred,creator,date_created,concept_name_type,voided,voided_by,date_voided,void_reason,uuid) VALUES (162,130,'Specific Gravity','en',true,1,{ts '2013-07-18 12:33:34'},'FULLY_SPECIFIED',false,null,null,null,'094c65e8-6545-4d0f-b0ac-594a9ea973df');
INSERT INTO concept_name (concept_name_id,concept_id,name,locale,locale_preferred,creator,date_created,concept_name_type,voided,voided_by,date_voided,void_reason,uuid) VALUES (181,131,'LE ccc','en',false,1,{ts '2013-07-23 10:50:40'},null,true,1,{ts '2013-07-23 11:16:58'},'Voided due to change of name','742da151-5d5a-4b96-adfd-9d20a01212ff');
INSERT INTO concept_name (concept_name_id,concept_id,name,locale,locale_preferred,creator,date_created,concept_name_type,voided,voided_by,date_voided,void_reason,uuid) VALUES (163,131,'LE','en',false,1,{ts '2013-07-18 12:33:48'},null,true,1,{ts '2013-07-23 10:50:40'},'Voided due to change of name','30a9ec3b-401d-4a8e-b4fb-bff37a360cf5');
INSERT INTO concept_name (concept_name_id,concept_id,name,locale,locale_preferred,creator,date_created,concept_name_type,voided,voided_by,date_voided,void_reason,uuid) VALUES (191,131,'LE','en',true,1,{ts '2013-07-23 11:16:58'},'FULLY_SPECIFIED',false,null,null,null,'2d13abef-6c5c-4a0a-9e6a-1bc498423a95');
INSERT INTO concept_name (concept_name_id,concept_id,name,locale,locale_preferred,creator,date_created,concept_name_type,voided,voided_by,date_voided,void_reason,uuid) VALUES (164,132,'Nitrite','en',true,1,{ts '2013-07-18 12:33:57'},'FULLY_SPECIFIED',false,null,null,null,'b9d50f75-adb7-4d41-b537-79f080ce02bb');
INSERT INTO concept_name (concept_name_id,concept_id,name,locale,locale_preferred,creator,date_created,concept_name_type,voided,voided_by,date_voided,void_reason,uuid) VALUES (165,133,'Renal Concentrating Ability','en',true,1,{ts '2013-07-18 12:34:06'},'FULLY_SPECIFIED',false,null,null,null,'10ed46fc-5559-4e4c-8f4a-68dfbc42ab9b');
INSERT INTO concept_name (concept_name_id,concept_id,name,locale,locale_preferred,creator,date_created,concept_name_type,voided,voided_by,date_voided,void_reason,uuid) VALUES (166,134,'Urine Ketone','en',true,1,{ts '2013-07-18 12:34:17'},'FULLY_SPECIFIED',false,null,null,null,'bfc546b8-37e2-4c48-b4dc-6c9607eba72e');
INSERT INTO concept_name (concept_name_id,concept_id,name,locale,locale_preferred,creator,date_created,concept_name_type,voided,voided_by,date_voided,void_reason,uuid) VALUES (167,135,'Urine Bile Pigment','en',true,1,{ts '2013-07-18 12:34:31'},'FULLY_SPECIFIED',false,null,null,null,'cead1011-60f5-48b1-b069-bb99fed4266d');
INSERT INTO concept_name (concept_name_id,concept_id,name,locale,locale_preferred,creator,date_created,concept_name_type,voided,voided_by,date_voided,void_reason,uuid) VALUES (168,136,'Urine Bile Salt','en',true,1,{ts '2013-07-18 12:34:42'},'FULLY_SPECIFIED',false,null,null,null,'7f8a407b-0543-4f0e-a9cf-992359b97c76');
INSERT INTO concept_name (concept_name_id,concept_id,name,locale,locale_preferred,creator,date_created,concept_name_type,voided,voided_by,date_voided,void_reason,uuid) VALUES (169,137,'Urine Microscopy','en',true,1,{ts '2013-07-18 12:34:52'},'FULLY_SPECIFIED',false,null,null,null,'0b624cae-b279-4903-9089-a8fbfee1d850');
INSERT INTO concept_name (concept_name_id,concept_id,name,locale,locale_preferred,creator,date_created,concept_name_type,voided,voided_by,date_voided,void_reason,uuid) VALUES (171,138,'Hb Only','en',true,1,{ts '2013-07-18 12:45:00'},'FULLY_SPECIFIED',false,null,null,null,'69dd92eb-4398-4a3f-bc03-08e5b1fbb8c0');
INSERT INTO concept_name (concept_name_id,concept_id,name,locale,locale_preferred,creator,date_created,concept_name_type,voided,voided_by,date_voided,void_reason,uuid) VALUES (172,139,'Routine Blood','en',true,1,{ts '2013-07-18 12:46:02'},'FULLY_SPECIFIED',false,null,null,null,'d16c1ec2-783b-4b56-b9b8-0a96d4cde6dc');
INSERT INTO concept_name (concept_name_id,concept_id,name,locale,locale_preferred,creator,date_created,concept_name_type,voided,voided_by,date_voided,void_reason,uuid) VALUES (173,140,'Sickling Only','en',true,1,{ts '2013-07-18 12:46:43'},'FULLY_SPECIFIED',false,null,null,null,'7dc38bb3-142a-49a9-a2e0-8beecbd735e7');
INSERT INTO concept_name (concept_name_id,concept_id,name,locale,locale_preferred,creator,date_created,concept_name_type,voided,voided_by,date_voided,void_reason,uuid) VALUES (174,141,'Hb w/Electrophoresis','en',true,1,{ts '2013-07-18 12:47:09'},'FULLY_SPECIFIED',false,null,null,null,'5abf0015-341c-4f82-a16c-defea9e352ef');
INSERT INTO concept_name (concept_name_id,concept_id,name,locale,locale_preferred,creator,date_created,concept_name_type,voided,voided_by,date_voided,void_reason,uuid) VALUES (175,142,'Sedimentation','en',true,1,{ts '2013-07-18 12:47:36'},'FULLY_SPECIFIED',false,null,null,null,'ca60ae6c-481a-4909-a5dd-eff713d1aa40');
INSERT INTO concept_name (concept_name_id,concept_id,name,locale,locale_preferred,creator,date_created,concept_name_type,voided,voided_by,date_voided,void_reason,uuid) VALUES (176,143,'RBC Morphology','en',true,1,{ts '2013-07-18 12:47:58'},'FULLY_SPECIFIED',false,null,null,null,'a2ac4324-92e4-4244-ada5-e9352eed90a2');
INSERT INTO concept_name (concept_name_id,concept_id,name,locale,locale_preferred,creator,date_created,concept_name_type,voided,voided_by,date_voided,void_reason,uuid) VALUES (177,144,'Malaria','en',true,1,{ts '2013-07-18 12:48:22'},'FULLY_SPECIFIED',false,null,null,null,'7538a690-b699-4a27-a6f5-23b0ec362385');
INSERT INTO concept_name (concept_name_id,concept_id,name,locale,locale_preferred,creator,date_created,concept_name_type,voided,voided_by,date_voided,void_reason,uuid) VALUES (178,145,'Microfilaria','en',true,1,{ts '2013-07-18 12:48:45'},'FULLY_SPECIFIED',false,null,null,null,'e650eb3a-966e-43d4-8787-e04c47e372b9');
INSERT INTO concept_name (concept_name_id,concept_id,name,locale,locale_preferred,creator,date_created,concept_name_type,voided,voided_by,date_voided,void_reason,uuid) VALUES (179,146,'Anaemia Panel','en',true,1,{ts '2013-07-18 12:50:02'},'FULLY_SPECIFIED',false,null,null,null,'98c416ee-d6e2-4cb7-8e40-dba8d1d75d7d');
INSERT INTO concept_name (concept_name_id,concept_id,name,locale,locale_preferred,creator,date_created,concept_name_type,voided,voided_by,date_voided,void_reason,uuid) VALUES (182,147,'Routine Urine','en',true,1,{ts '2013-07-23 10:52:04'},'FULLY_SPECIFIED',false,null,null,null,'f726af16-fc6b-47fa-9956-58cb2ed8105e');
INSERT INTO concept_name (concept_name_id,concept_id,name,locale,locale_preferred,creator,date_created,concept_name_type,voided,voided_by,date_voided,void_reason,uuid) VALUES (183,148,'Urine LE/Nitrite','en',true,1,{ts '2013-07-23 10:52:56'},'FULLY_SPECIFIED',false,null,null,null,'de30cab6-3604-4af5-8c96-5ec96d35e7b1');
INSERT INTO concept_name (concept_name_id,concept_id,name,locale,locale_preferred,creator,date_created,concept_name_type,voided,voided_by,date_voided,void_reason,uuid) VALUES (184,149,'Renal','en',true,1,{ts '2013-07-23 10:53:37'},'FULLY_SPECIFIED',false,null,null,null,'c95cf261-7447-4ffb-acc9-6756ce4bdc78');
INSERT INTO concept_name (concept_name_id,concept_id,name,locale,locale_preferred,creator,date_created,concept_name_type,voided,voided_by,date_voided,void_reason,uuid) VALUES (185,150,'Ketone','en',true,1,{ts '2013-07-23 10:54:08'},'FULLY_SPECIFIED',false,null,null,null,'28e1514f-3e43-40ca-8699-e19b310fff5e');
INSERT INTO concept_name (concept_name_id,concept_id,name,locale,locale_preferred,creator,date_created,concept_name_type,voided,voided_by,date_voided,void_reason,uuid) VALUES (186,151,'Bile Pigment','en',true,1,{ts '2013-07-23 10:54:44'},'FULLY_SPECIFIED',false,null,null,null,'affa9c0d-155a-4693-b480-7909112f40a6');
INSERT INTO concept_name (concept_name_id,concept_id,name,locale,locale_preferred,creator,date_created,concept_name_type,voided,voided_by,date_voided,void_reason,uuid) VALUES (192,152,'Haematology','en',true,1,{ts '2013-07-23 14:44:20'},'FULLY_SPECIFIED',false,null,null,null,'2ec51b39-079b-4df0-8de1-dcd16bf99dee');
INSERT INTO concept_name (concept_name_id,concept_id,name,locale,locale_preferred,creator,date_created,concept_name_type,voided,voided_by,date_voided,void_reason,uuid) VALUES (193,153,'Urine','en',true,1,{ts '2013-07-23 14:45:49'},'FULLY_SPECIFIED',false,null,null,null,'6e9e264a-c1dc-4767-b1e9-118de8a7cc10');


INSERT INTO concept_word (concept_word_id,concept_id,word,locale,concept_name_id,weight) VALUES (386,114,'HB','en',189,15.375);
INSERT INTO concept_word (concept_word_id,concept_id,word,locale,concept_name_id,weight) VALUES (385,114,'HB','en',145,15.075);
INSERT INTO concept_word (concept_word_id,concept_id,word,locale,concept_name_id,weight) VALUES (295,115,'PCV','en',147,11.844444444444443);
INSERT INTO concept_word (concept_word_id,concept_id,word,locale,concept_name_id,weight) VALUES (296,115,'VOLUME','en',146,1.3493589743589745);
INSERT INTO concept_word (concept_word_id,concept_id,word,locale,concept_name_id,weight) VALUES (297,115,'PCV','en',146,1.3333333333333335);
INSERT INTO concept_word (concept_word_id,concept_id,word,locale,concept_name_id,weight) VALUES (298,115,'PACKED','en',146,2.375);
INSERT INTO concept_word (concept_word_id,concept_id,word,locale,concept_name_id,weight) VALUES (299,115,'CELL','en',146,1.3958333333333335);
INSERT INTO concept_word (concept_word_id,concept_id,word,locale,concept_name_id,weight) VALUES (300,116,'TOTAL','en',148,2.492857142857143);
INSERT INTO concept_word (concept_word_id,concept_id,word,locale,concept_name_id,weight) VALUES (301,116,'COUNT','en',148,1.342436974789916);
INSERT INTO concept_word (concept_word_id,concept_id,word,locale,concept_name_id,weight) VALUES (302,116,'LEUKOCYTE','en',148,1.3792517006802723);
INSERT INTO concept_word (concept_word_id,concept_id,word,locale,concept_name_id,weight) VALUES (303,117,'COUNT','en',149,1.3571428571428572);
INSERT INTO concept_word (concept_word_id,concept_id,word,locale,concept_name_id,weight) VALUES (304,117,'DIFFERENTIAL','en',149,2.1666666666666665);
INSERT INTO concept_word (concept_word_id,concept_id,word,locale,concept_name_id,weight) VALUES (305,118,'ABSOLUTE','en',150,2.25);
INSERT INTO concept_word (concept_word_id,concept_id,word,locale,concept_name_id,weight) VALUES (306,118,'EOSINPHIL','en',150,1.3541666666666667);
INSERT INTO concept_word (concept_word_id,concept_id,word,locale,concept_name_id,weight) VALUES (307,118,'COUNT','en',150,1.33125);
INSERT INTO concept_word (concept_word_id,concept_id,word,locale,concept_name_id,weight) VALUES (308,119,'RETICULOCYTE','en',151,2.1666666666666665);
INSERT INTO concept_word (concept_word_id,concept_id,word,locale,concept_name_id,weight) VALUES (309,119,'COUNT','en',151,1.3571428571428572);
INSERT INTO concept_word (concept_word_id,concept_id,word,locale,concept_name_id,weight) VALUES (310,120,'TEST','en',152,1.396153846153846);
INSERT INTO concept_word (concept_word_id,concept_id,word,locale,concept_name_id,weight) VALUES (311,120,'SICKLING','en',152,2.355769230769231);
INSERT INTO concept_word (concept_word_id,concept_id,word,locale,concept_name_id,weight) VALUES (312,121,'ELECTROPHORESIS','en',153,1.3472222222222223);
INSERT INTO concept_word (concept_word_id,concept_id,word,locale,concept_name_id,weight) VALUES (313,121,'HB','en',153,3.4166666666666665);
INSERT INTO concept_word (concept_word_id,concept_id,word,locale,concept_name_id,weight) VALUES (314,122,'ESR','en',154,12.11111111111111);
INSERT INTO concept_word (concept_word_id,concept_id,word,locale,concept_name_id,weight) VALUES (315,123,'RBC','en',155,1.4047619047619049);
INSERT INTO concept_word (concept_word_id,concept_id,word,locale,concept_name_id,weight) VALUES (316,123,'MORPHOLOGY','en',155,1.3412698412698414);
INSERT INTO concept_word (concept_word_id,concept_id,word,locale,concept_name_id,weight) VALUES (317,123,'FOR','en',155,1.5119047619047619);
INSERT INTO concept_word (concept_word_id,concept_id,word,locale,concept_name_id,weight) VALUES (318,123,'PS','en',155,3.392857142857143);
INSERT INTO concept_word (concept_word_id,concept_id,word,locale,concept_name_id,weight) VALUES (319,124,'PARASITES','en',156,1.3307291666666667);
INSERT INTO concept_word (concept_word_id,concept_id,word,locale,concept_name_id,weight) VALUES (320,124,'MALARIA','en',156,1.3802083333333335);
INSERT INTO concept_word (concept_word_id,concept_id,word,locale,concept_name_id,weight) VALUES (321,124,'FOR','en',156,1.5104166666666667);
INSERT INTO concept_word (concept_word_id,concept_id,word,locale,concept_name_id,weight) VALUES (322,124,'PS','en',156,3.375);
INSERT INTO concept_word (concept_word_id,concept_id,word,locale,concept_name_id,weight) VALUES (323,125,'FOR','en',157,1.5096153846153846);
INSERT INTO concept_word (concept_word_id,concept_id,word,locale,concept_name_id,weight) VALUES (324,125,'PS','en',157,3.3653846153846154);
INSERT INTO concept_word (concept_word_id,concept_id,word,locale,concept_name_id,weight) VALUES (325,125,'CONCENTRATION','en',157,1.3241758241758244);
INSERT INTO concept_word (concept_word_id,concept_id,word,locale,concept_name_id,weight) VALUES (326,125,'MF','en',157,1.4038461538461537);
INSERT INTO concept_word (concept_word_id,concept_id,word,locale,concept_name_id,weight) VALUES (327,125,'BY','en',157,1.3723776223776225);
INSERT INTO concept_word (concept_word_id,concept_id,word,locale,concept_name_id,weight) VALUES (328,126,'COUNT','en',158,1.3857142857142857);
INSERT INTO concept_word (concept_word_id,concept_id,word,locale,concept_name_id,weight) VALUES (329,126,'PLATELET','en',158,2.3392857142857144);
INSERT INTO concept_word (concept_word_id,concept_id,word,locale,concept_name_id,weight) VALUES (330,127,'ALBUMIN','en',159,9.061224489795919);
INSERT INTO concept_word (concept_word_id,concept_id,word,locale,concept_name_id,weight) VALUES (331,128,'SUGAR','en',160,9.9);
INSERT INTO concept_word (concept_word_id,concept_id,word,locale,concept_name_id,weight) VALUES (387,129,'PH','en',190,15.375);
INSERT INTO concept_word (concept_word_id,concept_id,word,locale,concept_name_id,weight) VALUES (333,130,'SPECIFIC','en',162,2.3125);
INSERT INTO concept_word (concept_word_id,concept_id,word,locale,concept_name_id,weight) VALUES (334,130,'GRAVITY','en',162,1.36875);
INSERT INTO concept_word (concept_word_id,concept_id,word,locale,concept_name_id,weight) VALUES (388,131,'LE','en',191,15.375);
INSERT INTO concept_word (concept_word_id,concept_id,word,locale,concept_name_id,weight) VALUES (336,132,'NITRITE','en',164,9.061224489795919);
INSERT INTO concept_word (concept_word_id,concept_id,word,locale,concept_name_id,weight) VALUES (337,133,'ABILITY','en',165,1.322310405643739);
INSERT INTO concept_word (concept_word_id,concept_id,word,locale,concept_name_id,weight) VALUES (338,133,'RENAL','en',165,2.4611111111111112);
INSERT INTO concept_word (concept_word_id,concept_id,word,locale,concept_name_id,weight) VALUES (339,133,'CONCENTRATING','en',165,1.361111111111111);
INSERT INTO concept_word (concept_word_id,concept_id,word,locale,concept_name_id,weight) VALUES (340,134,'KETONE','en',166,1.4047619047619047);
INSERT INTO concept_word (concept_word_id,concept_id,word,locale,concept_name_id,weight) VALUES (341,134,'URINE','en',166,2.6);
INSERT INTO concept_word (concept_word_id,concept_id,word,locale,concept_name_id,weight) VALUES (342,135,'URINE','en',167,2.5166666666666666);
INSERT INTO concept_word (concept_word_id,concept_id,word,locale,concept_name_id,weight) VALUES (343,135,'PIGMENT','en',167,1.3564814814814816);
INSERT INTO concept_word (concept_word_id,concept_id,word,locale,concept_name_id,weight) VALUES (344,135,'BILE','en',167,1.4166666666666667);
INSERT INTO concept_word (concept_word_id,concept_id,word,locale,concept_name_id,weight) VALUES (345,136,'SALT','en',168,1.3777777777777778);
INSERT INTO concept_word (concept_word_id,concept_id,word,locale,concept_name_id,weight) VALUES (346,136,'BILE','en',168,1.4214285714285715);
INSERT INTO concept_word (concept_word_id,concept_id,word,locale,concept_name_id,weight) VALUES (347,136,'URINE','en',168,2.55);
INSERT INTO concept_word (concept_word_id,concept_id,word,locale,concept_name_id,weight) VALUES (348,137,'URINE','en',169,2.5375);
INSERT INTO concept_word (concept_word_id,concept_id,word,locale,concept_name_id,weight) VALUES (349,137,'MICROSCOPY','en',169,1.3660714285714286);
INSERT INTO concept_word (concept_word_id,concept_id,word,locale,concept_name_id,weight) VALUES (353,138,'HB','en',171,3.678571428571429);
INSERT INTO concept_word (concept_word_id,concept_id,word,locale,concept_name_id,weight) VALUES (354,138,'ONLY','en',171,1.5);
INSERT INTO concept_word (concept_word_id,concept_id,word,locale,concept_name_id,weight) VALUES (355,139,'ROUTINE','en',172,2.4093406593406597);
INSERT INTO concept_word (concept_word_id,concept_id,word,locale,concept_name_id,weight) VALUES (356,139,'BLOOD','en',172,1.3952991452991452);
INSERT INTO concept_word (concept_word_id,concept_id,word,locale,concept_name_id,weight) VALUES (357,140,'ONLY','en',173,1.396153846153846);
INSERT INTO concept_word (concept_word_id,concept_id,word,locale,concept_name_id,weight) VALUES (358,140,'SICKLING','en',173,2.355769230769231);
INSERT INTO concept_word (concept_word_id,concept_id,word,locale,concept_name_id,weight) VALUES (359,141,'W','en',174,1.5375);
INSERT INTO concept_word (concept_word_id,concept_id,word,locale,concept_name_id,weight) VALUES (360,141,'HB','en',174,3.4);
INSERT INTO concept_word (concept_word_id,concept_id,word,locale,concept_name_id,weight) VALUES (361,141,'ELECTROPHORESIS','en',174,1.3416666666666668);
INSERT INTO concept_word (concept_word_id,concept_id,word,locale,concept_name_id,weight) VALUES (362,142,'SEDIMENTATION','en',175,8.174556213017752);
INSERT INTO concept_word (concept_word_id,concept_id,word,locale,concept_name_id,weight) VALUES (363,143,'RBC','en',176,2.9642857142857144);
INSERT INTO concept_word (concept_word_id,concept_id,word,locale,concept_name_id,weight) VALUES (364,143,'MORPHOLOGY','en',176,1.3785714285714286);
INSERT INTO concept_word (concept_word_id,concept_id,word,locale,concept_name_id,weight) VALUES (365,144,'MALARIA','en',177,9.061224489795919);
INSERT INTO concept_word (concept_word_id,concept_id,word,locale,concept_name_id,weight) VALUES (366,145,'MICROFILARIA','en',178,8.256944444444445);
INSERT INTO concept_word (concept_word_id,concept_id,word,locale,concept_name_id,weight) VALUES (367,146,'ANAEMIA','en',179,2.4093406593406597);
INSERT INTO concept_word (concept_word_id,concept_id,word,locale,concept_name_id,weight) VALUES (368,146,'PANEL','en',179,1.3952991452991452);
INSERT INTO concept_word (concept_word_id,concept_id,word,locale,concept_name_id,weight) VALUES (373,147,'ROUTINE','en',182,2.4093406593406597);
INSERT INTO concept_word (concept_word_id,concept_id,word,locale,concept_name_id,weight) VALUES (374,147,'URINE','en',182,1.3952991452991452);
INSERT INTO concept_word (concept_word_id,concept_id,word,locale,concept_name_id,weight) VALUES (375,148,'URINE','en',183,2.5375);
INSERT INTO concept_word (concept_word_id,concept_id,word,locale,concept_name_id,weight) VALUES (376,148,'NITRITE','en',183,1.36875);
INSERT INTO concept_word (concept_word_id,concept_id,word,locale,concept_name_id,weight) VALUES (377,148,'LE','en',183,1.4375);
INSERT INTO concept_word (concept_word_id,concept_id,word,locale,concept_name_id,weight) VALUES (378,149,'RENAL','en',184,9.9);
INSERT INTO concept_word (concept_word_id,concept_id,word,locale,concept_name_id,weight) VALUES (379,150,'KETONE','en',185,9.402777777777779);
INSERT INTO concept_word (concept_word_id,concept_id,word,locale,concept_name_id,weight) VALUES (380,151,'BILE','en',186,2.75);
INSERT INTO concept_word (concept_word_id,concept_id,word,locale,concept_name_id,weight) VALUES (381,151,'PIGMENT','en',186,1.4027777777777777);
INSERT INTO concept_word(concept_word_id,concept_id,word,locale,concept_name_id,weight) VALUES (390,152,'HAEMATOLOGY','en',192,8.355371900826446);
INSERT INTO concept_word(concept_word_id,concept_id,word,locale,concept_name_id,weight) VALUES (391,153,'URINE','en',193,9.9);



INSERT INTO concept_numeric (concept_id,hi_absolute,hi_critical,hi_normal,low_absolute,low_critical,low_normal,units,precise) VALUES (114,null,null,null,null,null,null,null,false);
INSERT INTO concept_numeric (concept_id,hi_absolute,hi_critical,hi_normal,low_absolute,low_critical,low_normal,units,precise) VALUES (115,null,null,null,null,null,null,null,false);
INSERT INTO concept_numeric (concept_id,hi_absolute,hi_critical,hi_normal,low_absolute,low_critical,low_normal,units,precise) VALUES (116,null,null,null,null,null,null,null,false);
INSERT INTO concept_numeric (concept_id,hi_absolute,hi_critical,hi_normal,low_absolute,low_critical,low_normal,units,precise) VALUES (117,null,null,null,null,null,null,null,false);
INSERT INTO concept_numeric (concept_id,hi_absolute,hi_critical,hi_normal,low_absolute,low_critical,low_normal,units,precise) VALUES (118,null,null,null,null,null,null,null,false);
INSERT INTO concept_numeric (concept_id,hi_absolute,hi_critical,hi_normal,low_absolute,low_critical,low_normal,units,precise) VALUES (119,null,null,null,null,null,null,null,false);
INSERT INTO concept_numeric (concept_id,hi_absolute,hi_critical,hi_normal,low_absolute,low_critical,low_normal,units,precise) VALUES (120,null,null,null,null,null,null,null,false);
INSERT INTO concept_numeric (concept_id,hi_absolute,hi_critical,hi_normal,low_absolute,low_critical,low_normal,units,precise) VALUES (121,null,null,null,null,null,null,null,false);
INSERT INTO concept_numeric (concept_id,hi_absolute,hi_critical,hi_normal,low_absolute,low_critical,low_normal,units,precise) VALUES (122,null,null,null,null,null,null,null,false);
INSERT INTO concept_numeric (concept_id,hi_absolute,hi_critical,hi_normal,low_absolute,low_critical,low_normal,units,precise) VALUES (123,null,null,null,null,null,null,null,false);
INSERT INTO concept_numeric (concept_id,hi_absolute,hi_critical,hi_normal,low_absolute,low_critical,low_normal,units,precise) VALUES (124,null,null,null,null,null,null,null,false);
INSERT INTO concept_numeric (concept_id,hi_absolute,hi_critical,hi_normal,low_absolute,low_critical,low_normal,units,precise) VALUES (125,null,null,null,null,null,null,null,false);
INSERT INTO concept_numeric (concept_id,hi_absolute,hi_critical,hi_normal,low_absolute,low_critical,low_normal,units,precise) VALUES (126,null,null,null,null,null,null,null,false);
INSERT INTO concept_numeric (concept_id,hi_absolute,hi_critical,hi_normal,low_absolute,low_critical,low_normal,units,precise) VALUES (127,null,null,null,null,null,null,null,false);
INSERT INTO concept_numeric (concept_id,hi_absolute,hi_critical,hi_normal,low_absolute,low_critical,low_normal,units,precise) VALUES (128,null,null,null,null,null,null,null,false);
INSERT INTO concept_numeric (concept_id,hi_absolute,hi_critical,hi_normal,low_absolute,low_critical,low_normal,units,precise) VALUES (129,null,null,null,null,null,null,null,false);
INSERT INTO concept_numeric (concept_id,hi_absolute,hi_critical,hi_normal,low_absolute,low_critical,low_normal,units,precise) VALUES (130,null,null,null,null,null,null,null,false);
INSERT INTO concept_numeric (concept_id,hi_absolute,hi_critical,hi_normal,low_absolute,low_critical,low_normal,units,precise) VALUES (131,null,null,null,null,null,null,null,false);
INSERT INTO concept_numeric (concept_id,hi_absolute,hi_critical,hi_normal,low_absolute,low_critical,low_normal,units,precise) VALUES (132,null,null,null,null,null,null,null,false);
INSERT INTO concept_numeric (concept_id,hi_absolute,hi_critical,hi_normal,low_absolute,low_critical,low_normal,units,precise) VALUES (133,null,null,null,null,null,null,null,false);
INSERT INTO concept_numeric (concept_id,hi_absolute,hi_critical,hi_normal,low_absolute,low_critical,low_normal,units,precise) VALUES (134,null,null,null,null,null,null,null,false);
INSERT INTO concept_numeric (concept_id,hi_absolute,hi_critical,hi_normal,low_absolute,low_critical,low_normal,units,precise) VALUES (135,null,null,null,null,null,null,null,false);
INSERT INTO concept_numeric (concept_id,hi_absolute,hi_critical,hi_normal,low_absolute,low_critical,low_normal,units,precise) VALUES (136,null,null,null,null,null,null,null,false);
INSERT INTO concept_numeric (concept_id,hi_absolute,hi_critical,hi_normal,low_absolute,low_critical,low_normal,units,precise) VALUES (137,null,null,null,null,null,null,null,false);
INSERT INTO concept_numeric (concept_id,hi_absolute,hi_critical,hi_normal,low_absolute,low_critical,low_normal,units,precise) VALUES (146,null,null,null,null,null,null,null,false);
INSERT INTO concept_numeric (concept_id,hi_absolute,hi_critical,hi_normal,low_absolute,low_critical,low_normal,units,precise) VALUES (148,null,null,null,null,null,null,null,false);

SELECT concept_id FROM concept_id WHERE name="Laboratory" INTO @laboratory_concept_id;

INSERT INTO concept_set (concept_set_id,concept_id,concept_set,sort_weight,creator,date_created,uuid) VALUES (172,153,@laboratory_concept_id,0.0,1,{ts '2013-07-23 14:46:20'},'c5ef89ef-f5c8-41e9-92ce-56dacc9e2ffb');
INSERT INTO concept_set (concept_set_id,concept_id,concept_set,sort_weight,creator,date_created,uuid) VALUES (173,152,@laboratory_concept_id,1.0,1,{ts '2013-07-23 14:46:20'},'71a7f070-cb65-4231-8de3-2027cfdf1178');
